titre,prix,disponible,lien,note
Private Paris (Private #10),47.61,In stock,../../../private-paris-private-10_958/index.html,Five
We Love You, Charlie Freeman,50.27,In stock,../../../we-love-you-charlie-freeman_954/index.html,Five
Thirst,17.27,In stock,../../../thirst_946/index.html,Five
The Murder That Never Was (Forensic Instincts #5),54.11,In stock,../../../the-murder-that-never-was-forensic-instincts-5_939/index.html,Three
Tuesday Nights in 1980,21.04,In stock,../../../tuesday-nights-in-1980_870/index.html,Two
The Vacationers,42.15,In stock,../../../the-vacationers_863/index.html,Four
The Regional Office Is Under Attack!,51.36,In stock,../../../the-regional-office-is-under-attack_858/index.html,Five
Finders Keepers (Bill Hodges Trilogy #2),53.53,In stock,../../../finders-keepers-bill-hodges-trilogy-2_807/index.html,Five
The Time Keeper,27.88,In stock,../../../the-time-keeper_766/index.html,Five
The Testament of Mary,52.67,In stock,../../../the-testament-of-mary_765/index.html,Four
The First Hostage (J.B. Collins #2),25.85,In stock,../../../the-first-hostage-jb-collins-2_749/index.html,Three
Take Me with You,45.21,In stock,../../../take-me-with-you_741/index.html,Three
Still Life with Bread Crumbs,26.41,In stock,../../../still-life-with-bread-crumbs_738/index.html,Three
Shtum,55.84,In stock,../../../shtum_733/index.html,Four
My Name Is Lucy Barton,41.56,In stock,../../../my-name-is-lucy-barton_720/index.html,One
My Mrs. Brown,24.48,In stock,../../../my-mrs-brown_719/index.html,Three
Mr. Mercedes (Bill Hodges Trilogy #1),28.90,In stock,../../../mr-mercedes-bill-hodges-trilogy-1_717/index.html,One
I Am Pilgrim (Pilgrim #1),10.60,In stock,../../../i-am-pilgrim-pilgrim-1_703/index.html,Four
Eligible (The Austen Project #4),27.09,In stock,../../../eligible-the-austen-project-4_692/index.html,Three
Private Paris (Private #10),47.61,In stock,../../../private-paris-private-10_958/index.html,Five
We Love You, Charlie Freeman,50.27,In stock,../../../we-love-you-charlie-freeman_954/index.html,Five
Thirst,17.27,In stock,../../../thirst_946/index.html,Five
The Murder That Never Was (Forensic Instincts #5),54.11,In stock,../../../the-murder-that-never-was-forensic-instincts-5_939/index.html,Three
Tuesday Nights in 1980,21.04,In stock,../../../tuesday-nights-in-1980_870/index.html,Two
The Vacationers,42.15,In stock,../../../the-vacationers_863/index.html,Four
The Regional Office Is Under Attack!,51.36,In stock,../../../the-regional-office-is-under-attack_858/index.html,Five
Finders Keepers (Bill Hodges Trilogy #2),53.53,In stock,../../../finders-keepers-bill-hodges-trilogy-2_807/index.html,Five
The Time Keeper,27.88,In stock,../../../the-time-keeper_766/index.html,Five
The Testament of Mary,52.67,In stock,../../../the-testament-of-mary_765/index.html,Four
The First Hostage (J.B. Collins #2),25.85,In stock,../../../the-first-hostage-jb-collins-2_749/index.html,Three
Take Me with You,45.21,In stock,../../../take-me-with-you_741/index.html,Three
Still Life with Bread Crumbs,26.41,In stock,../../../still-life-with-bread-crumbs_738/index.html,Three
Shtum,55.84,In stock,../../../shtum_733/index.html,Four
My Name Is Lucy Barton,41.56,In stock,../../../my-name-is-lucy-barton_720/index.html,One
My Mrs. Brown,24.48,In stock,../../../my-mrs-brown_719/index.html,Three
Mr. Mercedes (Bill Hodges Trilogy #1),28.90,In stock,../../../mr-mercedes-bill-hodges-trilogy-1_717/index.html,One
I Am Pilgrim (Pilgrim #1),10.60,In stock,../../../i-am-pilgrim-pilgrim-1_703/index.html,Four
Eligible (The Austen Project #4),27.09,In stock,../../../eligible-the-austen-project-4_692/index.html,Three
Private Paris (Private #10),47.61,In stock,../../../private-paris-private-10_958/index.html,Five
We Love You, Charlie Freeman,50.27,In stock,../../../we-love-you-charlie-freeman_954/index.html,Five
Thirst,17.27,In stock,../../../thirst_946/index.html,Five
The Murder That Never Was (Forensic Instincts #5),54.11,In stock,../../../the-murder-that-never-was-forensic-instincts-5_939/index.html,Three
Tuesday Nights in 1980,21.04,In stock,../../../tuesday-nights-in-1980_870/index.html,Two
The Vacationers,42.15,In stock,../../../the-vacationers_863/index.html,Four
The Regional Office Is Under Attack!,51.36,In stock,../../../the-regional-office-is-under-attack_858/index.html,Five
Finders Keepers (Bill Hodges Trilogy #2),53.53,In stock,../../../finders-keepers-bill-hodges-trilogy-2_807/index.html,Five
The Time Keeper,27.88,In stock,../../../the-time-keeper_766/index.html,Five
The Testament of Mary,52.67,In stock,../../../the-testament-of-mary_765/index.html,Four
The First Hostage (J.B. Collins #2),25.85,In stock,../../../the-first-hostage-jb-collins-2_749/index.html,Three
Take Me with You,45.21,In stock,../../../take-me-with-you_741/index.html,Three
Still Life with Bread Crumbs,26.41,In stock,../../../still-life-with-bread-crumbs_738/index.html,Three
Shtum,55.84,In stock,../../../shtum_733/index.html,Four
My Name Is Lucy Barton,41.56,In stock,../../../my-name-is-lucy-barton_720/index.html,One
My Mrs. Brown,24.48,In stock,../../../my-mrs-brown_719/index.html,Three
Mr. Mercedes (Bill Hodges Trilogy #1),28.90,In stock,../../../mr-mercedes-bill-hodges-trilogy-1_717/index.html,One
I Am Pilgrim (Pilgrim #1),10.60,In stock,../../../i-am-pilgrim-pilgrim-1_703/index.html,Four
Eligible (The Austen Project #4),27.09,In stock,../../../eligible-the-austen-project-4_692/index.html,Three
